snapshot_date,meeting_date,rate_range,prob_now,prob_1d,prob_1w,prob_1m,is_most_likely,contract,mid_price,current_target_rate
2026-07-12,2027-09-15,NO CHANGE,65.8,65.8,65.8,65.8,True,,,
2026-07-12,2027-09-15,HIKE,34.2,34.2,34.2,34.2,False,,,
2026-07-12,2027-09-15,NO CHANGE,65.8,65.8,65.8,65.8,True,,,
2026-07-12,2027-09-15,HIKE,34.2,34.2,34.2,34.2,False,,,
2026-07-12,2027-09-15,NO CHANGE,65.8,65.8,65.8,65.8,True,,,
2026-07-12,2027-09-15,HIKE,34.2,34.2,34.2,34.2,False,,,
2026-07-13,2026-07-29,325-350,0.0,0.0,0.0,2.3,0,ZQN6,96.3688,350-375
2026-07-13,2026-07-29,350-375 (Current),61.0,65.8,74.3,89.3,1,ZQN6,96.3688,350-375
2026-07-13,2026-07-29,375-400,39.0,34.2,25.7,8.3,0,ZQN6,96.3688,350-375
2026-07-13,2026-09-16,325-350,0.0,0.0,0.0,1.9,0,ZQU6,96.2175,350-375
2026-07-13,2026-09-16,350-375 (Current),28.4,30.4,42.9,71.5,0,ZQU6,96.2175,350-375
2026-07-13,2026-09-16,375-400,50.8,51.2,46.2,24.9,1,ZQU6,96.2175,350-375
2026-07-13,2026-09-16,400-425,20.8,18.4,10.8,1.7,0,ZQU6,96.2175,350-375
2026-07-13,2026-10-28,325-350,0.0,0.0,0.0,1.6,0,ZQV6,96.1375,350-375
2026-07-13,2026-10-28,350-375 (Current),20.9,23.6,35.3,60.7,0,ZQV6,96.1375,350-375
2026-07-13,2026-10-28,375-400,44.8,46.6,45.7,32.2,1,ZQV6,96.1375,350-375
2026-07-13,2026-10-28,400-425,28.8,25.7,17.1,5.3,0,ZQV6,96.1375,350-375
2026-07-13,2026-10-28,425-450,5.5,4.1,1.9,0.3,0,ZQV6,96.1375,350-375
2026-07-13,2026-12-09,325-350,0.0,0.0,0.0,1.0,0,ZQZ6,96.0075,350-375
2026-07-13,2026-12-09,350-375 (Current),12.5,14.6,23.8,39.6,0,ZQZ6,96.0075,350-375
2026-07-13,2026-12-09,375-400,35.2,37.8,42.3,42.3,1,ZQZ6,96.0075,350-375
2026-07-13,2026-12-09,400-425,35.2,33.7,26.4,14.9,1,ZQZ6,96.0075,350-375
2026-07-13,2026-12-09,425-450,14.8,12.3,6.9,2.1,0,ZQZ6,96.0075,350-375
2026-07-13,2026-12-09,450-475,2.2,1.6,0.6,0.1,0,ZQZ6,96.0075,350-375
2026-07-13,2027-01-27,325-350,0.0,0.0,0.0,0.8,0,ZQF7,95.9725,350-375
2026-07-13,2027-01-27,350-375 (Current),10.5,12.6,21.1,32.5,0,ZQF7,95.9725,350-375
2026-07-13,2027-01-27,375-400,31.6,34.6,40.2,41.8,0,ZQF7,95.9725,350-375
2026-07-13,2027-01-27,400-425,35.2,34.2,28.2,19.9,1,ZQF7,95.9725,350-375
2026-07-13,2027-01-27,425-450,18.1,15.3,9.1,4.4,0,ZQF7,95.9725,350-375
2026-07-13,2027-01-27,450-475,4.2,3.0,1.3,0.5,0,ZQF7,95.9725,350-375
2026-07-13,2027-01-27,475-500,0.4,0.2,0.1,0.0,0,ZQF7,95.9725,350-375
2026-07-13,2027-03-17,325-350,0.0,0.0,0.0,0.6,0,ZQH7,95.9100,350-375
2026-07-13,2027-03-17,350-375 (Current),8.2,9.9,17.3,25.2,0,ZQH7,95.9100,350-375
2026-07-13,2027-03-17,375-400,27.0,29.8,36.8,39.7,0,ZQH7,95.9100,350-375
2026-07-13,2027-03-17,400-425,34.4,34.3,30.4,25.0,1,ZQH7,95.9100,350-375
2026-07-13,2027-03-17,425-450,21.8,19.4,12.5,8.0,0,ZQH7,95.9100,350-375
2026-07-13,2027-03-17,450-475,7.2,5.7,2.7,1.4,0,ZQH7,95.9100,350-375
2026-07-13,2027-03-17,475-500,1.2,0.8,0.3,0.1,0,ZQH7,95.9100,350-375
2026-07-13,2027-03-17,500-525,0.1,0.0,0.0,0.0,0,ZQH7,95.9100,350-375
2026-07-13,2027-04-28,325-350,0.0,0.0,0.0,0.6,0,ZQJ7,95.8825,350-375
2026-07-13,2027-04-28,350-375 (Current),7.7,9.4,17.0,22.0,0,ZQJ7,95.8825,350-375
2026-07-13,2027-04-28,375-400,25.8,29.0,36.3,37.8,0,ZQJ7,95.8825,350-375
2026-07-13,2027-04-28,400-425,33.9,34.1,30.5,26.9,1,ZQJ7,95.8825,350-375
2026-07-13,2027-04-28,425-450,22.6,20.0,12.9,10.2,0,ZQJ7,95.8825,350-375
2026-07-13,2027-04-28,450-475,8.2,6.3,2.9,2.2,0,ZQJ7,95.8825,350-375
2026-07-13,2027-04-28,475-500,1.6,1.0,0.4,0.3,0,ZQJ7,95.8825,350-375
2026-07-13,2027-04-28,500-525,0.1,0.1,0.0,0.0,0,ZQJ7,95.8825,350-375
2026-07-13,2027-06-09,325-350,0.4,0.7,1.5,0.5,0,ZQM7,95.8775,350-375
2026-07-13,2027-06-09,350-375 (Current),8.6,10.8,18.6,21.4,0,ZQM7,95.8775,350-375
2026-07-13,2027-06-09,375-400,26.3,29.4,35.8,37.4,0,ZQM7,95.8775,350-375
2026-07-13,2027-06-09,400-425,33.4,33.1,29.0,27.2,1,ZQM7,95.8775,350-375
2026-07-13,2027-06-09,425-450,21.9,19.1,12.0,10.7,0,ZQM7,95.8775,350-375
2026-07-13,2027-06-09,450-475,7.8,5.9,2.7,2.5,0,ZQM7,95.8775,350-375
2026-07-13,2027-06-09,475-500,1.5,1.0,0.3,0.3,0,ZQM7,95.8775,350-375
2026-07-13,2027-06-09,500-525,0.1,0.1,0.0,0.0,0,ZQM7,95.8775,350-375
2026-07-13,2027-07-28,300-325,0.0,0.1,0.2,0,0,ZQN7,95.8825,350-375
2026-07-13,2027-07-28,325-350,1.1,1.6,3.8,0,0,ZQN7,95.8825,350-375
2026-07-13,2027-07-28,350-375 (Current),10.2,12.5,20.9,0,0,ZQN7,95.8825,350-375
2026-07-13,2027-07-28,375-400,26.9,29.7,34.9,0,0,ZQN7,95.8825,350-375
2026-07-13,2027-07-28,400-425,32.3,31.9,26.7,0,1,ZQN7,95.8825,350-375
2026-07-13,2027-07-28,425-450,20.6,17.9,10.8,0,0,ZQN7,95.8825,350-375
2026-07-13,2027-07-28,450-475,7.3,5.5,2.4,0,0,ZQN7,95.8825,350-375
2026-07-13,2027-07-28,475-500,1.4,0.9,0.3,0,0,ZQN7,95.8825,350-375
2026-07-13,2027-07-28,500-525,0.1,0.1,0.0,0,0,ZQN7,95.8825,350-375
2026-07-13,2027-09-15,300-325,0.2,0,0,0,0,ZQU7,95.9200,350-375
2026-07-13,2027-09-15,325-350,2.3,0,0,0,0,ZQU7,95.9200,350-375
2026-07-13,2027-09-15,350-375 (Current),12.4,0,0,0,0,ZQU7,95.9200,350-375
2026-07-13,2027-09-15,375-400,27.6,0,0,0,0,ZQU7,95.9200,350-375
2026-07-13,2027-09-15,400-425,30.8,0,0,0,1,ZQU7,95.9200,350-375
2026-07-13,2027-09-15,425-450,18.9,0,0,0,0,ZQU7,95.9200,350-375
2026-07-13,2027-09-15,450-475,6.5,0,0,0,0,ZQU7,95.9200,350-375
2026-07-13,2027-09-15,475-500,1.2,0,0,0,0,ZQU7,95.9200,350-375
2026-07-13,2027-09-15,500-525,0.1,0,0,0,0,ZQU7,95.9200,350-375
2026-07-13,2026-07-29,325-350,0.0,0.0,0.0,2.3,0,ZQN6,96.3688,350-375
2026-07-13,2026-07-29,350-375 (Current),61.0,65.8,74.3,89.3,1,ZQN6,96.3688,350-375
2026-07-13,2026-07-29,375-400,39.0,34.2,25.7,8.3,0,ZQN6,96.3688,350-375
2026-07-13,2026-09-16,325-350,0.0,0.0,0.0,1.9,0,ZQU6,96.2150,350-375
2026-07-13,2026-09-16,350-375 (Current),27.2,30.4,42.9,71.5,0,ZQU6,96.2150,350-375
2026-07-13,2026-09-16,375-400,51.2,51.2,46.2,24.9,1,ZQU6,96.2150,350-375
2026-07-13,2026-09-16,400-425,21.6,18.4,10.8,1.7,0,ZQU6,96.2150,350-375
2026-07-13,2026-10-28,325-350,0.0,0.0,0.0,1.6,0,ZQV6,96.1325,350-375
2026-07-13,2026-10-28,350-375 (Current),20.0,23.6,35.3,60.7,0,ZQV6,96.1325,350-375
2026-07-13,2026-10-28,375-400,44.8,46.6,45.7,32.2,1,ZQV6,96.1325,350-375
2026-07-13,2026-10-28,400-425,29.5,25.7,17.1,5.3,0,ZQV6,96.1325,350-375
2026-07-13,2026-10-28,425-450,5.7,4.1,1.9,0.3,0,ZQV6,96.1325,350-375
2026-07-13,2026-12-09,325-350,0.0,0.0,0.0,1.0,0,ZQZ6,96.0025,350-375
2026-07-13,2026-12-09,350-375 (Current),12.4,14.6,23.8,39.6,0,ZQZ6,96.0025,350-375
2026-07-13,2026-12-09,375-400,35.5,37.8,42.3,42.3,1,ZQZ6,96.0025,350-375
2026-07-13,2026-12-09,400-425,35.3,33.7,26.4,14.9,0,ZQZ6,96.0025,350-375
2026-07-13,2026-12-09,425-450,14.7,12.3,6.9,2.1,0,ZQZ6,96.0025,350-375
2026-07-13,2026-12-09,450-475,2.2,1.6,0.6,0.1,0,ZQZ6,96.0025,350-375
2026-07-13,2027-01-27,325-350,0.0,0.0,0.0,0.8,0,ZQF7,95.9725,350-375
2026-07-13,2027-01-27,350-375 (Current),10.2,12.6,21.1,32.5,0,ZQF7,95.9725,350-375
2026-07-13,2027-01-27,375-400,31.2,34.6,40.2,41.8,0,ZQF7,95.9725,350-375
2026-07-13,2027-01-27,400-425,35.3,34.2,28.2,19.9,1,ZQF7,95.9725,350-375
2026-07-13,2027-01-27,425-450,18.5,15.3,9.1,4.4,0,ZQF7,95.9725,350-375
2026-07-13,2027-01-27,450-475,4.5,3.0,1.3,0.5,0,ZQF7,95.9725,350-375
2026-07-13,2027-01-27,475-500,0.4,0.2,0.1,0.0,0,ZQF7,95.9725,350-375
2026-07-13,2027-03-17,325-350,0.0,0.0,0.0,0.6,0,ZQH7,95.9075,350-375
2026-07-13,2027-03-17,350-375 (Current),8.0,9.9,17.3,25.2,0,ZQH7,95.9075,350-375
2026-07-13,2027-03-17,375-400,26.7,29.8,36.8,39.7,0,ZQH7,95.9075,350-375
2026-07-13,2027-03-17,400-425,34.4,34.3,30.4,25.0,1,ZQH7,95.9075,350-375
2026-07-13,2027-03-17,425-450,22.1,19.4,12.5,8.0,0,ZQH7,95.9075,350-375
2026-07-13,2027-03-17,450-475,7.5,5.7,2.7,1.4,0,ZQH7,95.9075,350-375
2026-07-13,2027-03-17,475-500,1.3,0.8,0.3,0.1,0,ZQH7,95.9075,350-375
2026-07-13,2027-03-17,500-525,0.1,0.0,0.0,0.0,0,ZQH7,95.9075,350-375
2026-07-13,2027-04-28,325-350,0.0,0.0,0.0,0.6,0,ZQJ7,95.8775,350-375
2026-07-13,2027-04-28,350-375 (Current),7.6,9.4,17.0,22.0,0,ZQJ7,95.8775,350-375
2026-07-13,2027-04-28,375-400,25.9,29.0,36.3,37.8,0,ZQJ7,95.8775,350-375
2026-07-13,2027-04-28,400-425,34.1,34.1,30.5,26.9,1,ZQJ7,95.8775,350-375
2026-07-13,2027-04-28,425-450,22.6,20.0,12.9,10.2,0,ZQJ7,95.8775,350-375
2026-07-13,2027-04-28,450-475,8.1,6.3,2.9,2.2,0,ZQJ7,95.8775,350-375
2026-07-13,2027-04-28,475-500,1.5,1.0,0.4,0.3,0,ZQJ7,95.8775,350-375
2026-07-13,2027-04-28,500-525,0.1,0.1,0.0,0.0,0,ZQJ7,95.8775,350-375
2026-07-13,2027-06-09,325-350,0.4,0.7,1.5,0.5,0,ZQM7,95.8750,350-375
2026-07-13,2027-06-09,350-375 (Current),8.6,10.8,18.6,21.4,0,ZQM7,95.8750,350-375
2026-07-13,2027-06-09,375-400,26.3,29.4,35.8,37.4,0,ZQM7,95.8750,350-375
2026-07-13,2027-06-09,400-425,33.5,33.1,29.0,27.2,1,ZQM7,95.8750,350-375
2026-07-13,2027-06-09,425-450,21.9,19.1,12.0,10.7,0,ZQM7,95.8750,350-375
2026-07-13,2027-06-09,450-475,7.8,5.9,2.7,2.5,0,ZQM7,95.8750,350-375
2026-07-13,2027-06-09,475-500,1.5,1.0,0.3,0.3,0,ZQM7,95.8750,350-375
2026-07-13,2027-06-09,500-525,0.1,0.1,0.0,0.0,0,ZQM7,95.8750,350-375
2026-07-13,2027-07-28,300-325,0.0,0.1,0.2,0,0,ZQN7,95.8825,350-375
2026-07-13,2027-07-28,325-350,1.2,1.6,3.8,0,0,ZQN7,95.8825,350-375
2026-07-13,2027-07-28,350-375 (Current),10.3,12.5,20.9,0,0,ZQN7,95.8825,350-375
2026-07-13,2027-07-28,375-400,27.0,29.7,34.9,0,0,ZQN7,95.8825,350-375
2026-07-13,2027-07-28,400-425,32.3,31.9,26.7,0,1,ZQN7,95.8825,350-375
2026-07-13,2027-07-28,425-450,20.5,17.9,10.8,0,0,ZQN7,95.8825,350-375
2026-07-13,2027-07-28,450-475,7.2,5.5,2.4,0,0,ZQN7,95.8825,350-375
2026-07-13,2027-07-28,475-500,1.3,0.9,0.3,0,0,ZQN7,95.8825,350-375
2026-07-13,2027-07-28,500-525,0.1,0.1,0.0,0,0,ZQN7,95.8825,350-375
2026-07-13,2027-09-15,300-325,0.2,0,0,0,0,ZQU7,95.9175,350-375
2026-07-13,2027-09-15,325-350,2.3,0,0,0,0,ZQU7,95.9175,350-375
2026-07-13,2027-09-15,350-375 (Current),12.3,0,0,0,0,ZQU7,95.9175,350-375
2026-07-13,2027-09-15,375-400,27.6,0,0,0,0,ZQU7,95.9175,350-375
2026-07-13,2027-09-15,400-425,30.9,0,0,0,1,ZQU7,95.9175,350-375
2026-07-13,2027-09-15,425-450,18.9,0,0,0,0,ZQU7,95.9175,350-375
2026-07-13,2027-09-15,450-475,6.5,0,0,0,0,ZQU7,95.9175,350-375
2026-07-13,2027-09-15,475-500,1.2,0,0,0,0,ZQU7,95.9175,350-375
2026-07-13,2027-09-15,500-525,0.1,0,0,0,0,ZQU7,95.9175,350-375
2026-07-18,2026-07-29,350-375 (Current),87.2,88.2,65.8,61.5,1,ZQN6,96.3700,350-37587
2026-07-18,2026-07-29,375-400,12.8,11.8,34.2,38.5,0,ZQN6,96.3700,350-37587
2026-07-18,2026-09-16,350-375 (Current),42.2,47.6,30.4,31.1,0,ZQU6,96.2800,350-37542
2026-07-18,2026-09-16,375-400,51.2,47,51.2,49.9,1,ZQU6,96.2800,350-37542
2026-07-18,2026-09-16,400-425,6.6,5.4,18.4,19,0,ZQU6,96.2800,350-37542
2026-07-18,2026-10-28,350-375 (Current),31.9,38.1,23.6,22.8,0,ZQV6,96.2050,350-37531
2026-07-18,2026-10-28,375-400,49,47.1,46.6,44.9,1,ZQV6,96.2050,350-37531
2026-07-18,2026-10-28,400-425,17.5,13.7,25.7,27.2,0,ZQV6,96.2050,350-37531
2026-07-18,2026-10-28,425-450,1.6,1.1,4.1,5.1,0,ZQV6,96.2050,350-37531
2026-07-18,2026-12-09,350-375 (Current),21.1,25.9,14.6,13.7,0,ZQZ6,96.0850,350-37521
2026-07-18,2026-12-09,375-400,43.2,44.2,37.8,36.1,1,ZQZ6,96.0850,350-37521
2026-07-18,2026-12-09,400-425,28.2,24.4,33.7,34.3,0,ZQZ6,96.0850,350-37521
2026-07-18,2026-12-09,425-450,7,5.1,12.3,13.9,0,ZQZ6,96.0850,350-37521
2026-07-18,2026-12-09,450-475,0.5,0.3,1.6,2,0,ZQZ6,96.0850,350-37521
2026-07-18,2027-01-27,350-375 (Current),17.7,21.8,12.6,11.5,0,ZQF7,96.0600,350-37517
2026-07-18,2027-01-27,375-400,39.6,41.3,34.6,32.5,1,ZQF7,96.0600,350-37517
2026-07-18,2027-01-27,400-425,30.6,27.6,34.2,34.6,0,ZQF7,96.0600,350-37517
2026-07-18,2027-01-27,425-450,10.4,8.2,15.3,17.2,0,ZQF7,96.0600,350-37517
2026-07-18,2027-01-27,450-475,1.6,1.1,3,3.9,0,ZQF7,96.0600,350-37517
2026-07-18,2027-01-27,475-500,0.1,0.1,0.2,0.3,0,ZQF7,96.0600,350-37517
2026-07-18,2027-03-17,350-375 (Current),14.2,17.1,9.9,9.7,0,ZQH7,96.0000,350-37514
2026-07-18,2027-03-17,375-400,35.3,37.1,29.8,29.1,1,ZQH7,96.0000,350-37514
2026-07-18,2027-03-17,400-425,32.4,30.5,34.3,34.2,0,ZQH7,96.0000,350-37514
2026-07-18,2027-03-17,425-450,14.4,12.4,19.4,20,0,ZQH7,96.0000,350-37514
2026-07-18,2027-03-17,450-475,3.3,2.6,5.7,6,0,ZQH7,96.0000,350-37514
2026-07-18,2027-03-17,475-500,0.4,0.3,0.8,0.9,0,ZQH7,96.0000,350-37514
2026-07-18,2027-03-17,500-525,0,0,0,0.1,0,ZQH7,96.0000,350-37514
2026-07-18,2027-04-28,350-375 (Current),13.3,15.6,9.4,9.7,0,ZQJ7,95.9750,350-37513
2026-07-18,2027-04-28,375-400,34,35.4,29,29.1,1,ZQJ7,95.9750,350-37513
2026-07-18,2027-04-28,400-425,32.6,31.1,34.1,34.2,0,ZQJ7,95.9750,350-37513
2026-07-18,2027-04-28,425-450,15.5,13.9,20,20,0,ZQJ7,95.9750,350-37513
2026-07-18,2027-04-28,450-475,4,3.5,6.3,6,0,ZQJ7,95.9750,350-37513
2026-07-18,2027-04-28,475-500,0.6,0.5,1,0.9,0,ZQJ7,95.9750,350-37513
2026-07-18,2027-04-28,500-525,0,0,0.1,0.1,0,ZQJ7,95.9750,350-37513
2026-07-18,2027-06-09,325-350,0.2,0.2,0.7,0.8,0,ZQM7,95.9600,350-3750
2026-07-18,2027-06-09,350-375 (Current),13.6,15.9,10.8,11.4,0,ZQM7,95.9600,350-3750
2026-07-18,2027-06-09,375-400,34,35.3,29.4,29.6,1,ZQM7,95.9600,350-3750
2026-07-18,2027-06-09,400-425,32.3,30.8,33.1,33,0,ZQM7,95.9600,350-3750
2026-07-18,2027-06-09,425-450,15.4,13.7,19.1,18.7,0,ZQM7,95.9600,350-3750
2026-07-18,2027-06-09,450-475,4,3.4,5.9,5.6,0,ZQM7,95.9600,350-3750
2026-07-18,2027-06-09,475-500,0.6,0.5,1,0.8,0,ZQM7,95.9600,350-3750
2026-07-18,2027-06-09,500-525,0,0,0.1,0,0,ZQM7,95.9600,350-3750
2026-07-18,2027-07-28,300-325,0,0,0.1,0.1,0,ZQN7,95.9650,350-3751
2026-07-18,2027-07-28,325-350,1.1,0.9,1.6,2.2,0,ZQN7,95.9650,350-3751
2026-07-18,2027-07-28,350-375 (Current),14.9,16.8,12.5,13.8,0,ZQN7,95.9650,350-3751
2026-07-18,2027-07-28,375-400,33.9,35.1,29.7,30,1,ZQN7,95.9650,350-3751
2026-07-18,2027-07-28,400-425,31.2,30,31.9,31.1,0,ZQN7,95.9650,350-3751
2026-07-18,2027-07-28,425-450,14.6,13.3,17.9,17,0,ZQN7,95.9650,350-3751
2026-07-18,2027-07-28,450-475,3.7,3.3,5.5,5,0,ZQN7,95.9650,350-3751
2026-07-18,2027-07-28,475-500,0.5,0.5,0.9,0.7,0,ZQN7,95.9650,350-3751
2026-07-18,2027-07-28,500-525,0,0,0.1,0,0,ZQN7,95.9650,350-3751
2026-07-18,2027-09-15,300-325,0.1,0,0,0,0,ZQU7,95.9950,350-3750
2026-07-18,2027-09-15,325-350,2.6,0,0,0,0,ZQU7,95.9950,350-3750
2026-07-18,2027-09-15,350-375 (Current),17,0,0,0,0,ZQU7,95.9950,350-3750
2026-07-18,2027-09-15,375-400,33.6,0,0,0,1,ZQU7,95.9950,350-3750
2026-07-18,2027-09-15,400-425,29.4,0,0,0,0,ZQU7,95.9950,350-3750
2026-07-18,2027-09-15,425-450,13.4,0,0,0,0,ZQU7,95.9950,350-3750
2026-07-18,2027-09-15,450-475,3.4,0,0,0,0,ZQU7,95.9950,350-3750
2026-07-18,2027-09-15,475-500,0.5,0,0,0,0,ZQU7,95.9950,350-3750
2026-07-18,2026-07-29,350-375 (Current),87.2,88.2,65.8,61.5,1,ZQN6,96.3700,350-37587
2026-07-18,2026-07-29,375-400,12.8,11.8,34.2,38.5,0,ZQN6,96.3700,350-37587
2026-07-18,2026-07-29,350-375 (Current),87.2,88.2,65.8,61.5,1,ZQN6,96.3700,350-37587
2026-07-18,2026-07-29,375-400,12.8,11.8,34.2,38.5,0,ZQN6,96.3700,350-37587
2026-07-18,2026-07-29,350-375 (Current),87.2,88.2,65.8,61.5,1,ZQN6,96.3700,350-37587
2026-07-18,2026-07-29,375-400,12.8,11.8,34.2,38.5,0,ZQN6,96.3700,350-37587
2026-07-18,2026-07-29,350-375 (Current),87.2,88.2,65.8,61.5,1,ZQN6,96.3700,350-37587
2026-07-18,2026-07-29,375-400,12.8,11.8,34.2,38.5,0,ZQN6,96.3700,350-37587
2026-07-18,2026-07-29,350-375 (Current),87.2,88.2,65.8,61.5,1,ZQN6,96.3700,350-37587
2026-07-18,2026-07-29,375-400,12.8,11.8,34.2,38.5,0,ZQN6,96.3700,350-37587
2026-07-18,2026-07-29,350-375 (Current),87.2,88.2,65.8,61.5,1,ZQN6,96.3700,350-37587
2026-07-18,2026-07-29,375-400,12.8,11.8,34.2,38.5,0,ZQN6,96.3700,350-37587
2026-07-18,2026-07-29,350-375 (Current),87.2,88.2,65.8,61.5,1,ZQN6,96.3700,350-37587
2026-07-18,2026-07-29,375-400,12.8,11.8,34.2,38.5,0,ZQN6,96.3700,350-37587
2026-07-18,2026-07-29,350-375 (Current),87.2,88.2,65.8,61.5,1,ZQN6,96.3700,350-37587
2026-07-18,2026-07-29,375-400,12.8,11.8,34.2,38.5,0,ZQN6,96.3700,350-37587
2026-07-18,2026-07-29,350-375 (Current),87.2,88.2,65.8,61.5,1,ZQN6,96.3700,350-37587
2026-07-18,2026-07-29,375-400,12.8,11.8,34.2,38.5,0,ZQN6,96.3700,350-37587
2026-07-18,2026-07-29,350-375 (Current),87.2,88.2,65.8,61.5,1,ZQN6,96.3700,350-37587
2026-07-18,2026-07-29,375-400,12.8,11.8,34.2,38.5,0,ZQN6,96.3700,350-37587
2026-07-20,2026-07-29,350-375 (Current),85.6,88.2,58.3,61.5,1,ZQN6,96.3713,350-37585
2026-07-20,2026-07-29,375-400,14.4,11.8,41.7,38.5,0,ZQN6,96.3713,350-37585
2026-07-20,2026-09-16,350-375 (Current),39.9,47.6,24.9,31.1,0,ZQU6,96.2750,350-37539
2026-07-20,2026-09-16,375-400,52.4,47,51.2,49.9,1,ZQU6,96.2750,350-37539
2026-07-20,2026-09-16,400-425,7.7,5.4,23.9,19,0,ZQU6,96.2750,350-37539
2026-07-20,2026-10-28,350-375 (Current),29.3,38.1,17.8,22.8,0,ZQV6,96.1975,350-37529
2026-07-20,2026-10-28,375-400,49.1,47.1,43.6,44.9,1,ZQV6,96.1975,350-37529
2026-07-20,2026-10-28,400-425,19.6,13.7,31.7,27.2,0,ZQV6,96.1975,350-37529
2026-07-20,2026-10-28,425-450,2,1.1,6.9,5.1,0,ZQV6,96.1975,350-37529
2026-07-20,2026-12-09,350-375 (Current),19.4,25.9,10.7,13.7,0,ZQZ6,96.0725,350-37519
2026-07-20,2026-12-09,375-400,42.4,44.2,33.4,36.1,1,ZQZ6,96.0725,350-37519
2026-07-20,2026-12-09,400-425,29.5,24.4,36.4,34.3,0,ZQZ6,96.0725,350-37519
2026-07-20,2026-12-09,425-450,7.9,5.1,16.7,13.9,0,ZQZ6,96.0725,350-37519
2026-07-20,2026-12-09,450-475,0.7,0.3,2.7,2,0,ZQZ6,96.0725,350-37519
2026-07-20,2027-01-27,350-375 (Current),15.9,21.8,8.8,11.5,0,ZQF7,96.0475,350-37515
2026-07-20,2027-01-27,375-400,38.2,41.3,29.2,32.5,1,ZQF7,96.0475,350-37515
2026-07-20,2027-01-27,400-425,31.9,27.6,35.9,34.6,0,ZQF7,96.0475,350-37515
2026-07-20,2027-01-27,425-450,11.9,8.2,20.3,17.2,0,ZQF7,96.0475,350-37515
2026-07-20,2027-01-27,450-475,2,1.1,5.3,3.9,0,ZQF7,96.0475,350-37515
2026-07-20,2027-01-27,475-500,0.1,0.1,0.5,0.3,0,ZQF7,96.0475,350-37515
2026-07-20,2027-03-17,350-375 (Current),12.8,17.1,6.9,9.7,0,ZQH7,95.9850,350-37512
2026-07-20,2027-03-17,375-400,33.9,37.1,24.8,29.1,1,ZQH7,95.9850,350-37512
2026-07-20,2027-03-17,400-425,33.1,30.5,34.4,34.2,0,ZQH7,95.9850,350-37512
2026-07-20,2027-03-17,425-450,15.8,12.4,23.7,20,0,ZQH7,95.9850,350-37512
2026-07-20,2027-03-17,450-475,3.9,2.6,8.5,6,0,ZQH7,95.9850,350-37512
2026-07-20,2027-03-17,475-500,0.5,0.3,1.5,0.9,0,ZQH7,95.9850,350-37512
2026-07-20,2027-03-17,500-525,0,0,0.1,0.1,0,ZQH7,95.9850,350-37512
2026-07-20,2027-04-28,350-375 (Current),11.7,15.6,6.4,9.7,0,ZQJ7,95.9575,350-37511
2026-07-20,2027-04-28,375-400,32.1,35.4,23.7,29.1,0,ZQJ7,95.9575,350-37511
2026-07-20,2027-04-28,400-425,33.2,31.1,33.8,34.2,1,ZQJ7,95.9575,350-37511
2026-07-20,2027-04-28,425-450,17.3,13.9,24.4,20,0,ZQJ7,95.9575,350-37511
2026-07-20,2027-04-28,450-475,5,3.5,9.5,6,0,ZQJ7,95.9575,350-37511
2026-07-20,2027-04-28,475-500,0.8,0.5,2,0.9,0,ZQJ7,95.9575,350-37511
2026-07-20,2027-04-28,500-525,0.1,0,0.2,0.1,0,ZQJ7,95.9575,350-37511
2026-07-20,2027-06-09,325-350,0.3,0.2,0.5,0.8,0,ZQM7,95.9400,350-3750
2026-07-20,2027-06-09,350-375 (Current),12.2,15.9,7.7,11.4,0,ZQM7,95.9400,350-3750
2026-07-20,2027-06-09,375-400,32.1,35.3,24.4,29.6,0,ZQM7,95.9400,350-3750
2026-07-20,2027-06-09,400-425,32.8,30.8,33.2,33,1,ZQM7,95.9400,350-3750
2026-07-20,2027-06-09,425-450,17,13.7,23.3,18.7,0,ZQM7,95.9400,350-3750
2026-07-20,2027-06-09,450-475,4.9,3.4,9,5.6,0,ZQM7,95.9400,350-3750
2026-07-20,2027-06-09,475-500,0.8,0.5,1.9,0.8,0,ZQM7,95.9400,350-3750
2026-07-20,2027-06-09,500-525,0.1,0,0.2,0,0,ZQM7,95.9400,350-3750
2026-07-20,2027-07-28,300-325,0,0,0,0.1,0,ZQN7,95.9450,350-3751
2026-07-20,2027-07-28,325-350,1.1,0.9,1.1,2.2,0,ZQN7,95.9450,350-3751
2026-07-20,2027-07-28,350-375 (Current),13.5,16.8,9.1,13.8,0,ZQN7,95.9450,350-3751
2026-07-20,2027-07-28,375-400,32.1,35.1,25.2,30,1,ZQN7,95.9450,350-3751
2026-07-20,2027-07-28,400-425,31.8,30,32.3,31.1,0,ZQN7,95.9450,350-3751
2026-07-20,2027-07-28,425-450,16.2,13.3,22.1,17,0,ZQN7,95.9450,350-3751
2026-07-20,2027-07-28,450-475,4.6,3.3,8.3,5,0,ZQN7,95.9450,350-3751
2026-07-20,2027-07-28,475-500,0.7,0.5,1.7,0.7,0,ZQN7,95.9450,350-3751
2026-07-20,2027-07-28,500-525,0.1,0,0.2,0,0,ZQN7,95.9450,350-3751
2026-07-20,2027-09-15,300-325,0.1,0,0,0,0,ZQU7,95.9725,350-3750
2026-07-20,2027-09-15,325-350,2.3,0,0,0,0,ZQU7,95.9725,350-3750
2026-07-20,2027-09-15,350-375 (Current),15.4,0,0,0,0,ZQU7,95.9725,350-3750
2026-07-20,2027-09-15,375-400,32.1,0,0,0,1,ZQU7,95.9725,350-3750
2026-07-20,2027-09-15,400-425,30.2,0,0,0,0,ZQU7,95.9725,350-3750
2026-07-20,2027-09-15,425-450,15,0,0,0,0,ZQU7,95.9725,350-3750
2026-07-20,2027-09-15,450-475,4.2,0,0,0,0,ZQU7,95.9725,350-3750
2026-07-20,2027-09-15,475-500,0.7,0,0,0,0,ZQU7,95.9725,350-3750
2026-07-20,2027-09-15,500-525,0.1,0,0,0,0,ZQU7,95.9725,350-3750
2026-07-21,2026-07-29,350-375 (Current),84,87.2,58.3,61.5,1,ZQN6,96.3725,350-37584
2026-07-21,2026-07-29,375-400,16,12.8,41.7,38.5,0,ZQN6,96.3725,350-37584
2026-07-21,2026-09-16,350-375 (Current),35.7,42.2,24.9,31.1,0,ZQU6,96.2700,350-37535
2026-07-21,2026-09-16,375-400,55,51.2,51.2,49.9,1,ZQU6,96.2700,350-37535
2026-07-21,2026-09-16,400-425,9.2,6.6,23.9,19,0,ZQU6,96.2700,350-37535
2026-07-21,2026-10-28,350-375 (Current),26.2,31.9,17.8,22.8,0,ZQV6,96.1850,350-37526
2026-07-21,2026-10-28,375-400,49.9,49,43.6,44.9,1,ZQV6,96.1850,350-37526
2026-07-21,2026-10-28,400-425,21.4,17.5,31.7,27.2,0,ZQV6,96.1850,350-37526
2026-07-21,2026-10-28,425-450,2.4,1.6,6.9,5.1,0,ZQV6,96.1850,350-37526
2026-07-21,2026-12-09,350-375 (Current),16.3,21.1,10.7,13.7,0,ZQZ6,96.0550,350-37516
2026-07-21,2026-12-09,375-400,40.9,43.2,33.4,36.1,1,ZQZ6,96.0550,350-37516
2026-07-21,2026-12-09,400-425,32.2,28.2,36.4,34.3,0,ZQZ6,96.0550,350-37516
2026-07-21,2026-12-09,425-450,9.6,7,16.7,13.9,0,ZQZ6,96.0550,350-37516
2026-07-21,2026-12-09,450-475,0.9,0.5,2.7,2,0,ZQZ6,96.0550,350-37516
2026-07-21,2027-01-27,350-375 (Current),13.7,17.7,8.8,11.5,0,ZQF7,96.0250,350-37513
2026-07-21,2027-01-27,375-400,37,39.6,29.2,32.5,1,ZQF7,96.0250,350-37513
2026-07-21,2027-01-27,400-425,33.6,30.6,35.9,34.6,0,ZQF7,96.0250,350-37513
2026-07-21,2027-01-27,425-450,13.3,10.4,20.3,17.2,0,ZQF7,96.0250,350-37513
2026-07-21,2027-01-27,450-475,2.3,1.6,5.3,3.9,0,ZQF7,96.0250,350-37513
2026-07-21,2027-01-27,475-500,0.1,0.1,0.5,0.3,0,ZQF7,96.0250,350-37513
2026-07-21,2027-03-17,350-375 (Current),10.7,14.2,6.9,9.7,0,ZQH7,95.9650,350-37510
2026-07-21,2027-03-17,375-400,32,35.3,24.8,29.1,0,ZQH7,95.9650,350-37510
2026-07-21,2027-03-17,400-425,34.3,32.4,34.4,34.2,1,ZQH7,95.9650,350-37510
2026-07-21,2027-03-17,425-450,17.6,14.4,23.7,20,0,ZQH7,95.9650,350-37510
2026-07-21,2027-03-17,450-475,4.7,3.3,8.5,6,0,ZQH7,95.9650,350-37510
2026-07-21,2027-03-17,475-500,0.6,0.4,1.5,0.9,0,ZQH7,95.9650,350-37510
2026-07-21,2027-03-17,500-525,0,0,0.1,0.1,0,ZQH7,95.9650,350-37510
2026-07-21,2027-04-28,350-375 (Current),10,13.3,6.4,9.7,0,ZQJ7,95.9350,350-37510
2026-07-21,2027-04-28,375-400,30.6,34,23.7,29.1,0,ZQJ7,95.9350,350-37510
2026-07-21,2027-04-28,400-425,34.2,32.6,33.8,34.2,1,ZQJ7,95.9350,350-37510
2026-07-21,2027-04-28,425-450,18.7,15.5,24.4,20,0,ZQJ7,95.9350,350-37510
2026-07-21,2027-04-28,450-475,5.5,4,9.5,6,0,ZQJ7,95.9350,350-37510
2026-07-21,2027-04-28,475-500,0.9,0.6,2,0.9,0,ZQJ7,95.9350,350-37510
2026-07-21,2027-04-28,500-525,0.1,0,0.2,0.1,0,ZQJ7,95.9350,350-37510
2026-07-21,2027-06-09,325-350,0.1,0.2,0.5,0.8,0,ZQM7,95.9200,350-3750
2026-07-21,2027-06-09,350-375 (Current),10.3,13.6,7.7,11.4,0,ZQM7,95.9200,350-3750
2026-07-21,2027-06-09,375-400,30.6,34,24.4,29.6,0,ZQM7,95.9200,350-3750
2026-07-21,2027-06-09,400-425,34,32.3,33.2,33,1,ZQM7,95.9200,350-3750
2026-07-21,2027-06-09,425-450,18.5,15.4,23.3,18.7,0,ZQM7,95.9200,350-3750
2026-07-21,2027-06-09,450-475,5.5,4,9,5.6,0,ZQM7,95.9200,350-3750
2026-07-21,2027-06-09,475-500,0.9,0.6,1.9,0.8,0,ZQM7,95.9200,350-3750
2026-07-21,2027-06-09,500-525,0.1,0,0.2,0,0,ZQM7,95.9200,350-3750
2026-07-21,2027-07-28,300-325,0,0,0,0.1,0,ZQN7,95.9250,350-3750
2026-07-21,2027-07-28,325-350,0.8,1.1,1.1,2.2,0,ZQN7,95.9250,350-3750
2026-07-21,2027-07-28,350-375 (Current),11.7,14.9,9.1,13.8,0,ZQN7,95.9250,350-3750
2026-07-21,2027-07-28,375-400,30.9,33.9,25.2,30,0,ZQN7,95.9250,350-3750
2026-07-21,2027-07-28,400-425,32.9,31.2,32.3,31.1,1,ZQN7,95.9250,350-3750
2026-07-21,2027-07-28,425-450,17.7,14.6,22.1,17,0,ZQN7,95.9250,350-3750
2026-07-21,2027-07-28,450-475,5.2,3.7,8.3,5,0,ZQN7,95.9250,350-3750
2026-07-21,2027-07-28,475-500,0.8,0.5,1.7,0.7,0,ZQN7,95.9250,350-3750
2026-07-21,2027-07-28,500-525,0.1,0,0.2,0,0,ZQN7,95.9250,350-3750
2026-07-21,2027-09-15,300-325,0.1,0,0,0,0,ZQU7,95.9550,350-3750
2026-07-21,2027-09-15,325-350,2,0,0,0,0,ZQU7,95.9550,350-3750
2026-07-21,2027-09-15,350-375 (Current),13.7,0,0,0,0,ZQU7,95.9550,350-3750
2026-07-21,2027-09-15,375-400,31.1,0,0,0,0,ZQU7,95.9550,350-3750
2026-07-21,2027-09-15,400-425,31.3,0,0,0,1,ZQU7,95.9550,350-3750
2026-07-21,2027-09-15,425-450,16.3,0,0,0,0,ZQU7,95.9550,350-3750
2026-07-21,2027-09-15,450-475,4.7,0,0,0,0,ZQU7,95.9550,350-3750
2026-07-21,2027-09-15,475-500,0.7,0,0,0,0,ZQU7,95.9550,350-3750
2026-07-21,2027-09-15,500-525,0.1,0,0,0,0,ZQU7,95.9550,350-3750
2026-07-22,2026-07-29,350-375 (Current),73.3,84,84,61.5,1,ZQN6,96.3700,350-37573
2026-07-22,2026-07-29,375-400,26.7,16,16,38.5,0,ZQN6,96.3700,350-37573
2026-07-22,2026-09-16,350-375 (Current),30.6,35.7,41.9,31.1,0,ZQU6,96.2400,350-37530
2026-07-22,2026-09-16,375-400,53.8,55,50,49.9,1,ZQU6,96.2400,350-37530
2026-07-22,2026-09-16,400-425,15.6,9.2,8,19,0,ZQU6,96.2400,350-37530
2026-07-22,2026-10-28,350-375 (Current),21.8,26.2,33.6,22.8,0,ZQV6,96.1550,350-37521
2026-07-22,2026-10-28,375-400,47.1,49.9,48.4,44.9,1,ZQV6,96.1550,350-37521
2026-07-22,2026-10-28,400-425,26.6,21.4,16.4,27.2,0,ZQV6,96.1550,350-37521
2026-07-22,2026-10-28,425-450,4.5,2.4,1.6,5.1,0,ZQV6,96.1550,350-37521
2026-07-22,2026-12-09,350-375 (Current),13.2,16.3,21.5,13.7,0,ZQZ6,96.0150,350-37513
2026-07-22,2026-12-09,375-400,37.1,40.9,43.1,36.1,1,ZQZ6,96.0150,350-37513
2026-07-22,2026-12-09,400-425,34.7,32.2,27.9,34.3,0,ZQZ6,96.0150,350-37513
2026-07-22,2026-12-09,425-450,13.2,9.6,6.9,13.9,0,ZQZ6,96.0150,350-37513
2026-07-22,2026-12-09,450-475,1.8,0.9,0.6,2,0,ZQZ6,96.0150,350-37513
2026-07-22,2027-01-27,350-375 (Current),10.7,13.7,18.1,11.5,0,ZQF7,95.9850,350-37510
2026-07-22,2027-01-27,375-400,32.7,37,39.6,32.5,0,ZQF7,95.9850,350-37510
2026-07-22,2027-01-27,400-425,35.2,33.6,30.3,34.6,1,ZQF7,95.9850,350-37510
2026-07-22,2027-01-27,425-450,17.2,13.3,10.3,17.2,0,ZQF7,95.9850,350-37510
2026-07-22,2027-01-27,450-475,3.9,2.3,1.6,3.9,0,ZQF7,95.9850,350-37510
2026-07-22,2027-01-27,475-500,0.3,0.1,0.1,0.3,0,ZQF7,95.9850,350-37510
2026-07-22,2027-03-17,350-375 (Current),8.2,10.7,13.5,9.7,0,ZQH7,95.9150,350-3758
2026-07-22,2027-03-17,375-400,27.5,32,34.1,29.1,0,ZQH7,95.9150,350-3758
2026-07-22,2027-03-17,400-425,34.6,34.3,32.7,34.2,1,ZQH7,95.9150,350-3758
2026-07-22,2027-03-17,425-450,21.5,17.6,15.4,20,0,ZQH7,95.9150,350-3758
2026-07-22,2027-03-17,450-475,7.1,4.7,3.8,6,0,ZQH7,95.9150,350-3758
2026-07-22,2027-03-17,475-500,1.2,0.6,0.5,0.9,0,ZQH7,95.9150,350-3758
2026-07-22,2027-03-17,500-525,0.1,0,0,0.1,0,ZQH7,95.9150,350-3758
2026-07-22,2027-04-28,350-375 (Current),8,10,12.3,9.7,0,ZQJ7,95.8850,350-3758
2026-07-22,2027-04-28,375-400,27.1,30.6,32.4,29.1,0,ZQJ7,95.8850,350-3758
2026-07-22,2027-04-28,400-425,34.4,34.2,32.8,34.2,1,ZQJ7,95.8850,350-3758
2026-07-22,2027-04-28,425-450,21.8,18.7,16.9,20,0,ZQJ7,95.8850,350-3758
2026-07-22,2027-04-28,450-475,7.4,5.5,4.8,6,0,ZQJ7,95.8850,350-3758
2026-07-22,2027-04-28,475-500,1.3,0.9,0.8,0.9,0,ZQJ7,95.8850,350-3758
2026-07-22,2027-04-28,500-525,0.1,0.1,0.1,0.1,0,ZQJ7,95.8850,350-3758
2026-07-22,2027-06-09,325-350,0,0.1,0.2,0.8,0,ZQM7,95.8700,350-3757
2026-07-22,2027-06-09,350-375 (Current),7.8,10.3,12.6,11.4,0,ZQM7,95.8700,350-3757
2026-07-22,2027-06-09,375-400,26.5,30.6,32.4,29.6,0,ZQM7,95.8700,350-3757
2026-07-22,2027-06-09,400-425,34.2,34,32.6,33,1,ZQM7,95.8700,350-3757
2026-07-22,2027-06-09,425-450,22.1,18.5,16.7,18.7,0,ZQM7,95.8700,350-3757
2026-07-22,2027-06-09,450-475,7.7,5.5,4.7,5.6,0,ZQM7,95.8700,350-3757
2026-07-22,2027-06-09,475-500,1.5,0.9,0.7,0.8,0,ZQM7,95.8700,350-3757
2026-07-22,2027-06-09,500-525,0.1,0.1,0.1,0,0,ZQM7,95.8700,350-3757
2026-07-22,2027-07-28,300-325,0,0,0,0.1,0,ZQN7,95.8750,350-3750
2026-07-22,2027-07-28,325-350,0.5,0.8,0.7,2.2,0,ZQN7,95.8750,350-3750
2026-07-22,2027-07-28,350-375 (Current),9,11.7,13.5,13.8,0,ZQN7,95.8750,350-3750
2026-07-22,2027-07-28,375-400,27.1,30.9,32.4,30,0,ZQN7,95.8750,350-3750
2026-07-22,2027-07-28,400-425,33.4,32.9,31.9,31.1,1,ZQN7,95.8750,350-3750
2026-07-22,2027-07-28,425-450,21.1,17.7,16.2,17,0,ZQN7,95.8750,350-3750
2026-07-22,2027-07-28,450-475,7.3,5.2,4.6,5,0,ZQN7,95.8750,350-3750
2026-07-22,2027-07-28,475-500,1.4,0.8,0.7,0.7,0,ZQN7,95.8750,350-3750
2026-07-22,2027-07-28,500-525,0.1,0.1,0.1,0,0,ZQN7,95.8750,350-3750
2026-07-22,2027-09-15,300-325,0.1,0,0,0,0,ZQU7,95.9050,350-3750
2026-07-22,2027-09-15,325-350,1.4,0,0,0,0,ZQU7,95.9050,350-3750
2026-07-22,2027-09-15,350-375 (Current),11,0,0,0,0,ZQU7,95.9050,350-3750
2026-07-22,2027-09-15,375-400,27.7,0,0,0,0,ZQU7,95.9050,350-3750
2026-07-22,2027-09-15,400-425,32.1,0,0,0,1,ZQU7,95.9050,350-3750
2026-07-22,2027-09-15,425-450,19.6,0,0,0,0,ZQU7,95.9050,350-3750
2026-07-22,2027-09-15,450-475,6.7,0,0,0,0,ZQU7,95.9050,350-3750
2026-07-22,2027-09-15,475-500,1.2,0,0,0,0,ZQU7,95.9050,350-3750
2026-07-22,2027-09-15,500-525,0.1,0,0,0,0,ZQU7,95.9050,350-3750
2026-07-23,2026-07-29,350-375 (Current),66.3,74.3,89.3,63.7,1,ZQN6,96.3663,350-37566
2026-07-23,2026-07-29,375-400,33.7,25.7,10.7,36.3,0,ZQN6,96.3663,350-37566
2026-07-23,2026-09-16,350-375 (Current),23.2,30.3,51.5,26.1,0,ZQU6,96.2100,350-37523
2026-07-23,2026-09-16,375-400,54.9,54.5,43.9,52.5,1,ZQU6,96.2100,350-37523
2026-07-23,2026-09-16,400-425,21.9,15.2,4.5,21.4,0,ZQU6,96.2100,350-37523
2026-07-23,2026-10-28,350-375 (Current),16,21.6,42.4,18,0,ZQV6,96.1175,350-37516
2026-07-23,2026-10-28,375-400,45.1,47.5,45.3,44.3,1,ZQV6,96.1175,350-37516
2026-07-23,2026-10-28,400-425,32.1,26.5,11.5,31.1,0,ZQV6,96.1175,350-37516
2026-07-23,2026-10-28,425-450,6.8,4.4,0.8,6.6,0,ZQV6,96.1175,350-37516
2026-07-23,2026-12-09,350-375 (Current),10,13,29.6,10.9,0,ZQZ6,95.9775,350-37510
2026-07-23,2026-12-09,375-400,34.2,37.3,44.4,33.9,0,ZQZ6,95.9775,350-37510
2026-07-23,2026-12-09,400-425,37,34.8,21.7,36.3,1,ZQZ6,95.9775,350-37510
2026-07-23,2026-12-09,425-450,16.2,13.1,4,16.3,0,ZQZ6,95.9775,350-37510
2026-07-23,2026-12-09,450-475,2.5,1.7,0.2,2.6,0,ZQZ6,95.9775,350-37510
2026-07-23,2027-01-27,350-375 (Current),8,10.6,25.5,8.9,0,ZQF7,95.9475,350-3758
2026-07-23,2027-01-27,375-400,29.2,32.8,42.4,29.6,0,ZQF7,95.9475,350-3758
2026-07-23,2027-01-27,400-425,36.4,35.3,24.8,35.9,1,ZQF7,95.9475,350-3758
2026-07-23,2027-01-27,425-450,20.5,17.1,6.5,20,0,ZQF7,95.9475,350-3758
2026-07-23,2027-01-27,450-475,5.4,3.8,0.8,5.1,0,ZQF7,95.9475,350-3758
2026-07-23,2027-01-27,475-500,0.5,0.3,0,0.5,0,ZQF7,95.9475,350-3758
2026-07-23,2027-03-17,350-375 (Current),6.1,8.1,20.6,7.3,0,ZQH7,95.8750,350-3756
2026-07-23,2027-03-17,375-400,24.3,27.6,39.1,26,0,ZQH7,95.8750,350-3756
2026-07-23,2027-03-17,400-425,34.7,34.7,28.2,34.8,1,ZQH7,95.8750,350-3756
2026-07-23,2027-03-17,425-450,24.2,21.4,10,22.8,0,ZQH7,95.8750,350-3756
2026-07-23,2027-03-17,450-475,8.9,6.9,1.9,7.8,0,ZQH7,95.8750,350-3756
2026-07-23,2027-03-17,475-500,1.7,1.1,0.2,1.3,0,ZQH7,95.8750,350-3756
2026-07-23,2027-03-17,500-525,0.1,0.1,0,0.1,0,ZQH7,95.8750,350-3756
2026-07-23,2027-04-28,350-375 (Current),5.5,7.4,18.8,7,0,ZQJ7,95.8425,350-3755
2026-07-23,2027-04-28,375-400,22.3,25.9,37.5,25.2,0,ZQJ7,95.8425,350-3755
2026-07-23,2027-04-28,400-425,33.6,34.1,29.2,34.4,1,ZQJ7,95.8425,350-3755
2026-07-23,2027-04-28,425-450,25.3,22.5,11.6,23.3,0,ZQJ7,95.8425,350-3755
2026-07-23,2027-04-28,450-475,10.5,8.2,2.6,8.4,0,ZQJ7,95.8425,350-3755
2026-07-23,2027-04-28,475-500,2.4,1.6,0.3,1.6,0,ZQJ7,95.8425,350-3755
2026-07-23,2027-04-28,500-525,0.3,0.2,0,0.1,0,ZQJ7,95.8425,350-3755
2026-07-23,2027-06-09,325-350,0.1,0.3,0.7,0.5,0,ZQM7,95.8200,350-3750
2026-07-23,2027-06-09,350-375 (Current),5.7,8.1,19.5,8.2,0,ZQM7,95.8200,350-3750
2026-07-23,2027-06-09,375-400,22.5,26.2,37.2,25.8,0,ZQM7,95.8200,350-3750
2026-07-23,2027-06-09,400-425,33.5,33.7,28.5,33.6,1,ZQM7,95.8200,350-3750
2026-07-23,2027-06-09,425-450,25.1,22,11.3,22.3,0,ZQM7,95.8200,350-3750
2026-07-23,2027-06-09,450-475,10.4,8,2.5,7.9,0,ZQM7,95.8200,350-3750
2026-07-23,2027-06-09,475-500,2.4,1.6,0.3,1.5,0,ZQM7,95.8200,350-3750
2026-07-23,2027-06-09,500-525,0.3,0.2,0,0.1,0,ZQM7,95.8200,350-3750
2026-07-23,2027-07-28,300-325,0,0,0,0.1,0,ZQN7,95.8225,350-3750
2026-07-23,2027-07-28,325-350,0.4,0.8,1.5,1.3,0,ZQN7,95.8225,350-3750
2026-07-23,2027-07-28,350-375 (Current),6.8,9.3,20.3,10.2,0,ZQN7,95.8225,350-3750
2026-07-23,2027-07-28,375-400,23.2,26.7,36.8,26.7,0,ZQN7,95.8225,350-3750
2026-07-23,2027-07-28,400-425,32.9,32.9,27.8,32.4,1,ZQN7,95.8225,350-3750
2026-07-23,2027-07-28,425-450,24.2,21.1,10.9,20.7,0,ZQN7,95.8225,350-3750
2026-07-23,2027-07-28,450-475,9.9,7.5,2.4,7.2,0,ZQN7,95.8225,350-3750
2026-07-23,2027-07-28,475-500,2.3,1.5,0.3,1.3,0,ZQN7,95.8225,350-3750
2026-07-23,2027-07-28,500-525,0.3,0.2,0,0.1,0,ZQN7,95.8225,350-3750
2026-07-23,2027-09-15,300-325,0.1,0,0,0,0,ZQU7,95.8525,350-3750
2026-07-23,2027-09-15,325-350,1.3,0,0,0,0,ZQU7,95.8525,350-3750
2026-07-23,2027-09-15,350-375 (Current),9.1,0,0,0,0,ZQU7,95.8525,350-3750
2026-07-23,2027-09-15,375-400,24.6,0,0,0,0,ZQU7,95.8525,350-3750
2026-07-23,2027-09-15,400-425,31.7,0,0,0,1,ZQU7,95.8525,350-3750
2026-07-23,2027-09-15,425-450,22.2,0,0,0,0,ZQU7,95.8525,350-3750
2026-07-23,2027-09-15,450-475,8.8,0,0,0,0,ZQU7,95.8525,350-3750
2026-07-23,2027-09-15,475-500,2,0,0,0,0,ZQU7,95.8525,350-3750
2026-07-23,2027-09-15,500-525,0.2,0,0,0,0,ZQU7,95.8525,350-3750
